idx,species,x,y,r
1,Al,10.331817,36.323166,1.250000
2,Al,5.092404,21.862188,1.250000
3,Al,2.332884,23.765770,1.250000
4,Al,13.550237,30.676344,1.250000
5,Al,0.676694,28.555687,1.250000
6,Al,14.927469,33.200344,1.250000
7,Al,4.266311,33.304264,1.250000
8,Al,7.634949,33.187614,1.250000
