vxx,vxy,vyx,vyy
1,10.331817,36.323166,1.250000
2,5.092404,21.862188,1.250000
3,2.332884,23.765770,1.250000
4,13.550237,30.676344,1.250000
5,0.676694,28.555687,1.250000
6,14.927469,33.200344,1.250000
7,4.266311,33.304264,1.250000
8,7.634949,33.187614,1.250000
